-- MySQL dump 10.13  Distrib 8.0.12, for Win64 (x86_64)
--
-- Host: localhost    Database: appdb
-- ------------------------------------------------------
-- Server version	8.0.12

/*!40101 SET @OLD_CHARACTER_SET_CLIENT=@@CHARACTER_SET_CLIENT */;
/*!40101 SET @OLD_CHARACTER_SET_RESULTS=@@CHARACTER_SET_RESULTS */;
/*!40101 SET @OLD_COLLATION_CONNECTION=@@COLLATION_CONNECTION */;
 SET NAMES utf8 ;
/*!40103 SET @OLD_TIME_ZONE=@@TIME_ZONE */;
/*!40103 SET TIME_ZONE='+00:00' */;
/*!40014 SET @OLD_UNIQUE_CHECKS=@@UNIQUE_CHECKS, UNIQUE_CHECKS=0 */;
/*!40014 SET @OLD_FOREIGN_KEY_CHECKS=@@FOREIGN_KEY_CHECKS, FOREIGN_KEY_CHECKS=0 */;
/*!40101 SET @OLD_SQL_MODE=@@SQL_MODE, SQL_MODE='NO_AUTO_VALUE_ON_ZERO' */;
/*!40111 SET @OLD_SQL_NOTES=@@SQL_NOTES, SQL_NOTES=0 */;

--
-- Table structure for table `posts`
--

DROP TABLE IF EXISTS `posts`;
/*!40101 SET @saved_cs_client     = @@character_set_client */;
 SET character_set_client = utf8mb4 ;
CREATE TABLE `posts` (
  `id` int(11) NOT NULL AUTO_INCREMENT,
  `description` text,
  `photo` text,
  `idUser` int(11) DEFAULT NULL,
  `code` text,
  `timeOfPost` timestamp NULL DEFAULT CURRENT_TIMESTAMP,
  PRIMARY KEY (`id`)
) ENGINE=InnoDB AUTO_INCREMENT=56 DEFAULT CHARSET=utf8mb4 COLLATE=utf8mb4_0900_ai_ci;
/*!40101 SET character_set_client = @saved_cs_client */;

--
-- Dumping data for table `posts`
--

LOCK TABLES `posts` WRITE;
/*!40000 ALTER TABLE `posts` DISABLE KEYS */;
INSERT INTO `posts` VALUES (22,'ANDROID MOBILE UI for Music Player app','b94a64b0-6127-11e9-8542-3dbad3abedda',1,' private void initChatbot() {\n        try {\n            InputStream stream = getResources().openRawResource(R.raw.test_agent_credentials);\n            GoogleCredentials credentials = GoogleCredentials.fromStream(stream);\n            String projectId = ((ServiceAccountCredentials)credentials).getProjectId();\n\n            SessionsSettings.Builder settingsBuilder = SessionsSettings.newBuilder();\n            SessionsSettings sessionsSettings = settingsBuilder.setCredentialsProvider(FixedCredentialsProvider.create(credentials)).build();\n            sessionsClient = SessionsClient.create(sessionsSettings);\n            session = SessionName.of(projectId, uuid);\n        } catch (Exception e) {\n            e.printStackTrace();\n        }\n    } ','2019-04-19 13:53:22'),(23,'REACT NATIVE - app for shopping clothes','12a24000-6128-11e9-8542-3dbad3abedda',27,' private void showTextView(String message, int type) {\n        FrameLayout layout;\n        switch (type) {\n            case USER:\n                layout = getUserLayout();\n                break;\n            case BOT:\n                layout = getBotLayout();\n                break;\n            default:\n                layout = getBotLayout();\n                break;\n        }\n        layout.setFocusableInTouchMode(true);\n        chatLayout.addView(layout);\n        TextView tv = layout.findViewById(R.id.chatMsg);\n        tv.setText(message);\n        layout.requestFocus();\n        queryEditText.requestFocus();\n    } ','2019-04-19 13:53:22'),(24,'IOS design. One of the most challenging part of developing responsive websites is to create user-friendly and intuitive menu designs that work on both small and larger screens','498db2c0-6128-11e9-8542-3dbad3abedda',30,' FrameLayout getUserLayout() {\n        LayoutInflater inflater = LayoutInflater.from(MainActivity.this);\n        return (FrameLayout) inflater.inflate(R.layout.user_msg_layout, null);\n    }\n\n    FrameLayout getBotLayout() {\n        LayoutInflater inflater = LayoutInflater.from(MainActivity.this);\n        return (FrameLayout) inflater.inflate(R.layout.bot_msg_layout, null);\n    } ','2019-04-19 13:53:22'),(25,'REACT NATIVE app . So to give you new ideas and inspiration for mobile navigation menu, here are 30 brilliant mobile navigation menu design concepts.','6fae49b0-6128-11e9-8542-3dbad3abedda',29,' protected AIResponse doInBackground(AIRequest... aiRequests) {\n        final AIRequest request = aiRequests[0];\n        try {\n            return aiDataService.request(request, customAIServiceContext);\n        } catch (AIServiceException e) {\n            e.printStackTrace();\n        }\n        return null;\n    } ','2019-04-19 13:53:22'),(27,'ANDROID The world of UI and UX has never stopped evolving and it`s essential to stay up-to-date on the latest ideas and tools.','de8fc160-6128-11e9-8542-3dbad3abedda',30,' protected DetectIntentResponse doInBackground(Void... voids) {\n        try{\n            DetectIntentRequest detectIntentRequest =\n                    DetectIntentRequest.newBuilder()\n                            .setSession(session.toString())\n                            .setQueryInput(queryInput)\n                            .build();\n            return sessionsClient.detectIntent(detectIntentRequest);\n        } catch (Exception e) {\n            e.printStackTrace();\n        }\n        return null;\n    } ','2019-04-19 13:53:22'),(28,'ANDROID. I love the simplicity when Im building an android app. Material Design has been extremely popular for many years and one of the coolest effects it introduced was the ripple effect that provides an attractive visual feedback to the user when an element is clicked.','1cc09f90-6129-11e9-8542-3dbad3abedda',27,' protected AIResponse doInBackground(AIRequest... aiRequests) {\n        final AIRequest request = aiRequests[0];\n        try {\n            return aiDataService.request(request, customAIServiceContext);\n        } catch (AIServiceException e) {\n            e.printStackTrace();\n        }\n        return null;\n    } ','2019-04-19 13:53:22'),(29,'android & ios Wireframes and prototypes are incredibly useful. They`re great for quickly exploring concepts. They make it cheap to go wide with the initial exploration of ideas, which is vital to arriving at great solutions.','6d7eca10-6129-11e9-8542-3dbad3abedda',32,' let itemToShow = {};\n\n        vm.showItem = function(item) {\n            console.log(item);\n\n            vm.codeToShow = item.code;\n            vm.descriptionToShow = item.description;\n            vm.copyToClipboard = item.code;\n            vm.photoToShow = item.photo;\n            vm.usernameToShow = item.username;\n\n            itemToShow = item;\n\n\n\n            vm.allSubsribers.forEach(elem => {\n                console.log(elem.username, item.username);\n                if (elem.username.valueOf() == item.username.valueOf()) {\n                    console.log(vm.isNotSubscribed, vm.isSubscribed);\n                    vm.isNotSubscribed = false;\n                    vm.isSubscribed = true;\n                } else {\n                    vm.isNotSubscribed = true;\n                    vm.isSubscribed = false;\n                }\n            })\n\n            vm.displayModal = true;\n\n        } ','2019-04-19 13:53:22'),(30,'for the simplicity. Here is my inspiration for the app I am working to. Build in REACT NATIVE because I love javascript and I want an app to work on both ANDROID & IOS','b18779f0-6129-11e9-8542-3dbad3abedda',33,' protected AIResponse doInBackground(AIRequest... aiRequests) {\n        final AIRequest request = aiRequests[0];\n        try {\n            return aiDataService.request(request, customAIServiceContext);\n        } catch (AIServiceException e) {\n            e.printStackTrace();\n        }\n        return null;\n    } ','2019-04-19 13:53:22'),(31,'Looking for a navigation design? I made this one for shearchers of UI inspiration. This one could work on both android and ios.','fea17ba0-6129-11e9-8542-3dbad3abedda',32,' vm.showItem = function(item) {\n            console.log(item);\n\n            vm.codeToShow = item.code;\n            vm.descriptionToShow = item.description;\n            vm.copyToClipboard = item.code;\n            vm.photoToShow = item.photo;\n            vm.usernameToShow = item.username;\n\n            itemToShow = item; ','2019-04-19 13:53:22'),(32,'ANDROID design for CARD VIEW','25873750-612a-11e9-8542-3dbad3abedda',29,' protected AIResponse doInBackground(AIRequest... aiRequests) {\n        final AIRequest request = aiRequests[0];\n        try {\n            return aiDataService.request(request, customAIServiceContext);\n        } catch (AIServiceException e) {\n            e.printStackTrace();\n        }\n        return null;\n    } ','2019-04-19 13:53:22'),(33,'templates for mobile app. hope you\'ll enjoy it','425099d0-612a-11e9-8542-3dbad3abedda',30,' protected AIResponse doInBackground(AIRequest... aiRequests) {\n        final AIRequest request = aiRequests[0];\n        try {\n            return aiDataService.request(request, customAIServiceContext);\n        } catch (AIServiceException e) {\n            e.printStackTrace();\n        }\n        return null;\n    } ','2019-04-19 13:53:22'),(34,'I made this design for a Medication App, works on ANDROID','72d9fc40-612a-11e9-8542-3dbad3abedda',30,' protected AIResponse doInBackground(AIRequest... aiRequests) {\n        final AIRequest request = aiRequests[0];\n        try {\n            return aiDataService.request(request, customAIServiceContext);\n        } catch (AIServiceException e) {\n            e.printStackTrace();\n        }\n        return null;\n    } ','2019-04-19 13:53:22'),(35,'Navigation like a stack of activities','9099f3c0-612a-11e9-8542-3dbad3abedda',1,' protected AIResponse doInBackground(AIRequest... aiRequests) {\n        final AIRequest request = aiRequests[0];\n        try {\n            return aiDataService.request(request, customAIServiceContext);\n        } catch (AIServiceException e) {\n            e.printStackTrace();\n        }\n        return null;\n    } ','2019-04-19 13:53:22'),(37,'User Login UI','5da2a920-612b-11e9-8542-3dbad3abedda',35,' function executeQuery(query) {\n    return new Promise((res, rej) => {\n        pool.query(query, (error, results, fields) => {\n            if (error) rej(error);\n            //console.log({ error, results });\n            res(results);\n        })\n    });\n} ','2019-04-19 13:53:22'),(38,'Navigation IOS','9c00b1d0-612b-11e9-8542-3dbad3abedda',36,' function executeQuery(query) {\n    return new Promise((res, rej) => {\n        pool.query(query, (error, results, fields) => {\n            if (error) rej(error);\n            //console.log({ error, results });\n            res(results);\n        })\n    });\n} ','2019-04-19 13:53:22'),(39,'UI design ideas always play a key role in helping designers create an excellent web and mobile application design works in most cases. To provide more inspirations for UI designers','d245ab60-612b-11e9-8542-3dbad3abedda',37,' console.log(element.photo);\n                    });\n\n                })\n                .catch(err => {\n                    console.error(err)\n                });\n        }\n\n        vm.getData();\n\n        vm.displayModal = false;\n\n        vm.close = () => {\n            vm.displayModal = false;\n        } ','2019-04-19 13:53:22'),(40,'#Navigation#Android#UI .Blogging is a great way for expressing your thoughts and sharing your knowledge about a certain topic. WordPress is the most popular free blogging platform for both personal and professional bloggers.','2e4bddd0-612c-11e9-8542-3dbad3abedda',1,' vm.showItem = function(item) {\n            console.log(item);\n\n            vm.codeToShow = item.code;\n            vm.descriptionToShow = item.description;\n            vm.copyToClipboard = item.code;\n            vm.photoToShow = item.photo;\n            vm.usernameToShow = item.username;\n\n            itemToShow = item;\n\n\n\n            vm.allSubsribers.forEach(elem => {\n                console.log(elem.username, item.username);\n                if (elem.username.valueOf() == item.username.valueOf()) {\n                    console.log(vm.isNotSubscribed, vm.isSubscribed);\n                    vm.isNotSubscribed = false;\n                    vm.isSubscribed = true;\n                } else {\n                    vm.isNotSubscribed = true;\n                    vm.isSubscribed = false;\n                }\n            })\n\n            vm.displayModal = true; ','2019-04-19 13:53:22'),(41,'Mobile navigation','5c43e700-612c-11e9-8542-3dbad3abedda',30,' public static void addMessage(final String username, final String avatar, final String message, final int type) {\n        Ctx.runOnUiThread(new Runnable() {\n            @Override\n            public void run() {\n                if (type == 0){\n                    mMessages.add(new Message.Builder(Message.TYPE_MESSAGE)\n                            .username(username).message(message).avatar(avatar).build());\n\n                } else if (type == 1){\n                    mMessages.add(new Message.Builder(Message.TYPE_MY_MESSAGE)\n                            .username(username).message(message).avatar(avatar).build());\n                }\n                mAdapter.notifyItemInserted(mMessages.size() - 1);\n                scrollToBottom();\n            }\n        }); ','2019-04-19 13:53:22'),(42,'#Navigation#Android#UI','97d49ee0-612c-11e9-8542-3dbad3abedda',38,' public static void addMessage(final String username, final String avatar, final String message, final int type) {\n        Ctx.runOnUiThread(new Runnable() {\n            @Override\n            public void run() {\n                if (type == 0){\n                    mMessages.add(new Message.Builder(Message.TYPE_MESSAGE)\n                            .username(username).message(message).avatar(avatar).build());\n\n                } else if (type == 1){\n                    mMessages.add(new Message.Builder(Message.TYPE_MY_MESSAGE)\n                            .username(username).message(message).avatar(avatar).build());\n                }\n                mAdapter.notifyItemInserted(mMessages.size() - 1);\n                scrollToBottom();\n            }\n        }); ','2019-04-19 13:53:22'),(43,'For the love of SIMPLICITY. Ui Mobile','d1241950-612c-11e9-8542-3dbad3abedda',39,' public static void addMessage(final String username, final String avatar, final String message, final int type) {\n        Ctx.runOnUiThread(new Runnable() {\n            @Override\n            public void run() {\n                if (type == 0){\n                    mMessages.add(new Message.Builder(Message.TYPE_MESSAGE)\n                            .username(username).message(message).avatar(avatar).build());\n\n                } else if (type == 1){\n                    mMessages.add(new Message.Builder(Message.TYPE_MY_MESSAGE)\n                            .username(username).message(message).avatar(avatar).build());\n                }\n                mAdapter.notifyItemInserted(mMessages.size() - 1);\n                scrollToBottom();\n            }\n        }); ','2019-04-19 13:53:22'),(44,'Navigation transition from the Activity','86a36ab0-612d-11e9-8542-3dbad3abedda',29,' super.onCreate(savedInstanceState);\n        setContentView(R.layout.activity_login);\n\n        if (ContextCompat.checkSelfPermission(LoginActivity.this, Manifest.permission.READ_PHONE_STATE) != PackageManager.PERMISSION_GRANTED\n                || ContextCompat.checkSelfPermission(LoginActivity.this, Manifest.permission.CAMERA) != PackageManager.PERMISSION_GRANTED\n                || ContextCompat.checkSelfPermission(LoginActivity.this, Manifest.permission.ACCESS_FINE_LOCATION) != PackageManager.PERMISSION_GRANTED\n                || ContextCompat.checkSelfPermission(LoginActivity.this, Manifest.permission.ACCESS_COARSE_LOCATION) != PackageManager.PERMISSION_GRANTED)\n\n            ActivityCompat.requestPermissions(LoginActivity.this,\n                    new String[]{Manifest.permission.READ_PHONE_STATE, Manifest.permission.CAMERA, Manifest.permission.ACCESS_FINE_LOCATION, Manifest.permission.ACCESS_COARSE_LOCATION, Manifest.permission.READ_EXTERNAL_STORAGE}, 1);\n\n        passwordReset = findViewById(R.id.link_PasswordReset);\n\n        \n        mPasswordView = findViewById(R.id.input_password);\n        btnLogin = findViewById(R.id.btn_login);\n        PasswordInputLayout = findViewById(R.id.PasswordInputLayout);\n        UserInputLayout = findViewById(R.id.UserInputLayout);\n\n        mEmailView.requestFocus();\n\n        android.support.v7.widget.Toolbar toolbar = (android.support.v7.widget.Toolbar) findViewById(R.id.toolbar);\n        setSupportActionBar(toolbar); ','2019-04-19 13:53:22'),(45,'Messing around with a Fantasy Football App concept. Nothing serious, just a fun exercise.IOS','e37e5240-612d-11e9-8542-3dbad3abedda',1,' protected void onActivityResult(int requestCode, int resultCode, Intent data) {\n        super.onActivityResult(requestCode, resultCode, data);\n        if (requestCode == 11) {\n            if (resultCode == Activity.RESULT_OK) {\n                bluetoothScanner = bluetoothAdapter.getBluetoothLeScanner();\n                bluetoothScanner.startScan(scanCallback);\n                scanButton.setEnabled(false);\n                animationView.playAnimation();\n            } else {\n                startActivityForResult(new Intent(BluetoothAdapter.ACTION_REQUEST_ENABLE), 11);\n            }\n        }\n    } ','2019-04-19 13:53:22'),(46,'Friendly UI for IOS.Continue experimenting with different visualization and interaction for the eCommerce statistics pages. This is an inventory product page. Not all admin panels should look the same.','2f8954f0-612e-11e9-8542-3dbad3abedda',30,' private ScanCallback scanCallback = new ScanCallback() {\n        @Override\n        public void onScanResult(int callbackType, ScanResult result) {\n            super.onScanResult(callbackType, result);\n\n            if (result.getDevice().getName() != null) {\n                if (!devicesAddress.contains(result.getDevice().getAddress())) {\n                    devices.add(result.getDevice().getName());\n                    devicesAddress.add(result.getDevice().getAddress());\n                    adapter.notifyDataSetChanged();\n                    progressDialog.dismiss();\n                }\n            }\n        }\n    }; ','2019-04-19 13:53:22'),(47,'#Navigation.So a few months back we helped our friends at ProsperOps, a smart AWS reserved instances management tool, with creating their digital presence.\n\nWe designed their brand, visual style, illustrations and website accompanied with a fully responsive front-end development.','c36b4d90-612e-11e9-8542-3dbad3abedda',40,' private RecyclerView recyclerView;\n    private List<String> devices;\n    private List<String> devicesAddress;\n    private int ENABLE_BT = 11;\n    private BluetoothAdapter bluetoothAdapter;\n    private BluetoothLeScanner scanner;\n    private MyRecyclerViewAdapter adapter;\n    private ProgressDialog progressDialog;\n    private ScanCallback scanCallback = new ScanCallback() {\n        @Override\n        public void onScanResult(int callbackType, ScanResult result) {\n            super.onScanResult(callbackType, result);\n\n            if (result.getDevice().getName() != null) {\n                if (!devicesAddress.contains(result.getDevice().getAddress())) {\n                    devices.add(result.getDevice().getName());\n                    devicesAddress.add(result.getDevice().getAddress());\n                    adapter.notifyDataSetChanged();\n                    progressDialog.dismiss();\n                }\n            }\n        }\n    }; ','2019-04-19 13:53:22'),(48,'Full App. The day when your design turns into a real product and users get everything you designed it for is a great day for every design team. We now have the one: the big and complex project we worked on for a long time is now live at full!','2628b530-612f-11e9-8542-3dbad3abedda',38,' public void choosePhotoFromGallary() {\n        Intent galleryIntent = new Intent(Intent.ACTION_PICK,\n                android.provider.MediaStore.Images.Media.EXTERNAL_CONTENT_URI);\n\n        startActivityForResult(galleryIntent, GALLERY);\n    }\n\n    private void takePhotoFromCamera() {\n        Intent intent = new Intent(android.provider.MediaStore.ACTION_IMAGE_CAPTURE);\n        startActivityForResult(intent, CAMERA); ','2019-04-19 13:53:22'),(49,'Template Design Mobile Android Ios Navigation Love for simplicity','5a36d190-612f-11e9-8542-3dbad3abedda',27,' public static void setDefaults(String key, String value, Context context) {\n        SharedPreferences preferences = PreferenceManager.getDefaultSharedPreferences(context);\n        SharedPreferences.Editor editor = preferences.edit();\n        editor.putString(key, value);\n        editor.apply();\n    } ','2019-04-19 13:53:22'),(50,'UI and UX design for iOS and Android as well as website design and development. For example, all the graphics you can see on the screens are original and made specifically for this project. So, we do have what to show you – keep on with the updates!','8fdf8b20-612f-11e9-8542-3dbad3abedda',32,' protected void onCreate(Bundle savedInstanceState) {\n        super.onCreate(savedInstanceState);\n        setContentView(R.layout.activity_register);\n        android.support.v7.widget.Toolbar toolbar = (android.support.v7.widget.Toolbar) findViewById(R.id.toolbar);\n        setSupportActionBar(toolbar);\n tbName = findViewById(R.id.tbNume);\n        tbEmail = findViewById(R.id.tbEmail);\n        tbPassword = findViewById(R.id.tbpassword);\n        tbRetypePassword = findViewById(R.id.tbpasswordRetype);\n        btnSignUp = findViewById(R.id.btn_register);\n\n        LayoutName = findViewById(R.id.Nume_input_layout);\n  LayoutEmail = findViewById(R.id.Email_input_layout);\n        LayoutPassword = findViewById(R.id.Password_input_layout);\n        LayoutPasswordRetype = findViewById(R.id.PasswordRetype_input_layout); ','2019-04-19 13:53:22'),(52,'Night Side & Light Side Navigation Android','de253b90-612f-11e9-8542-3dbad3abedda',29,' vm.showItem = function(item) {\n            console.log(item);\n\n            vm.codeToShow = item.code;\n            vm.descriptionToShow = item.description;\n            vm.copyToClipboard = item.code;\n            vm.photoToShow = item.photo;\n            vm.usernameToShow = item.username;\n\n            itemToShow = item;\n\n\n\n            vm.allSubsribers.forEach(elem => {\n                console.log(elem.username, item.username);\n                if (elem.username.valueOf() == item.username.valueOf()) {\n                    console.log(vm.isNotSubscribed, vm.isSubscribed);\n                    vm.isNotSubscribed = false;\n                    vm.isSubscribed = true;\n                } else {\n                    vm.isNotSubscribed = true;\n                    vm.isSubscribed = false;\n                }\n            })\n\n            vm.displayModal = true; ','2019-04-19 13:53:22'),(53,'Navigation transition for Android Apps. I’d like to share with you my latest work for one of our clients.The idea is to have the trading and money transfer executed with the tap of a few buttons. This platform will be used by FX-houses and corporates.','55eed230-6130-11e9-8542-3dbad3abedda',30,' public void choosePhotoFromGallary() {\n        Intent galleryIntent = new Intent(Intent.ACTION_PICK,\n                android.provider.MediaStore.Images.Media.EXTERNAL_CONTENT_URI);\n\n        startActivityForResult(galleryIntent, GALLERY);\n    }\n\n    private void takePhotoFromCamera() {\n        Intent intent = new Intent(android.provider.MediaStore.ACTION_IMAGE_CAPTURE);\n        startActivityForResult(intent, CAMERA);\n    } ','2019-04-19 13:53:22'),(54,'fbewjb','6e7dccb0-65cd-11e9-95f5-7b7541680027',1,' efwuhdwl ','2019-04-23 13:41:00');
/*!40000 ALTER TABLE `posts` ENABLE KEYS */;
UNLOCK TABLES;

--
-- Table structure for table `subscribers`
--

DROP TABLE IF EXISTS `subscribers`;
/*!40101 SET @saved_cs_client     = @@character_set_client */;
 SET character_set_client = utf8mb4 ;
CREATE TABLE `subscribers` (
  `id` int(11) NOT NULL AUTO_INCREMENT,
  `idUserFrom` int(11) DEFAULT NULL,
  `idUserTo` int(11) DEFAULT NULL,
  PRIMARY KEY (`id`)
) ENGINE=InnoDB AUTO_INCREMENT=28 DEFAULT CHARSET=utf8mb4 COLLATE=utf8mb4_0900_ai_ci;
/*!40101 SET character_set_client = @saved_cs_client */;

--
-- Dumping data for table `subscribers`
--

LOCK TABLES `subscribers` WRITE;
/*!40000 ALTER TABLE `subscribers` DISABLE KEYS */;
INSERT INTO `subscribers` VALUES (2,29,32),(6,29,27),(9,1,37),(10,1,35),(11,1,32),(20,30,1),(22,30,29),(24,30,36);
/*!40000 ALTER TABLE `subscribers` ENABLE KEYS */;
UNLOCK TABLES;

--
-- Table structure for table `users`
--

DROP TABLE IF EXISTS `users`;
/*!40101 SET @saved_cs_client     = @@character_set_client */;
 SET character_set_client = utf8mb4 ;
CREATE TABLE `users` (
  `id` int(10) unsigned NOT NULL AUTO_INCREMENT,
  `username` varchar(30) NOT NULL,
  `password` varchar(30) NOT NULL,
  PRIMARY KEY (`id`)
) ENGINE=InnoDB AUTO_INCREMENT=41 DEFAULT CHARSET=utf8mb4 COLLATE=utf8mb4_0900_ai_ci;
/*!40101 SET character_set_client = @saved_cs_client */;

--
-- Dumping data for table `users`
--

LOCK TABLES `users` WRITE;
/*!40000 ALTER TABLE `users` DISABLE KEYS */;
INSERT INTO `users` VALUES (1,'patriciamic','parola'),(27,'andrei','parolalaandrei'),(28,'heyaa','hey'),(29,'adelina','parola'),(30,'vreaucauserulsafielung','parola'),(31,'carlatestoasa','parola'),(32,'bashooka','parola'),(33,'showtime','parola'),(34,'wegroszta','parola'),(35,'antonio','parola'),(36,'paramountchannel','parola'),(37,'vreaucauserulsafiesimailung','parola'),(38,'99design','parola'),(39,'kraken','parola'),(40,'abcdefghALPHA','parola');
/*!40000 ALTER TABLE `users` ENABLE KEYS */;
UNLOCK TABLES;
/*!40103 SET TIME_ZONE=@OLD_TIME_ZONE */;

/*!40101 SET SQL_MODE=@OLD_SQL_MODE */;
/*!40014 SET FOREIGN_KEY_CHECKS=@OLD_FOREIGN_KEY_CHECKS */;
/*!40014 SET UNIQUE_CHECKS=@OLD_UNIQUE_CHECKS */;
/*!40101 SET CHARACTER_SET_CLIENT=@OLD_CHARACTER_SET_CLIENT */;
/*!40101 SET CHARACTER_SET_RESULTS=@OLD_CHARACTER_SET_RESULTS */;
/*!40101 SET COLLATION_CONNECTION=@OLD_COLLATION_CONNECTION */;
/*!40111 SET SQL_NOTES=@OLD_SQL_NOTES */;

-- Dump completed on 2019-05-10 18:31:41
